{"number_of_elements": 7, "mean_atomic_mass": 99.0209714285714, "wtd_mean_atomic_mass": 61.6737725, "gmean_atomic_mass": 72.7438164818019, "entropy_atomic_mass": 1.68579477052035, "wtd_entropy_atomic_mass": 1.77138839000781, "range_atomic_mass": 192.981, "wtd_range_atomic_mass": 16.54271, "wtd_std_atomic_mass": 61.1441720261608, "mean_fie": 741.9, "wtd_mean_fie": 944.525, "wtd_entropy_fie": 1.29170401200605, "range_fie": 764.1, "wtd_range_fie": 560.01375, "wtd_std_fie": 330.893327788579, "mean_atomic_radius": 148.428571428571, "wtd_mean_atomic_radius": 116.65, "gmean_atomic_radius": 136.559379847617, "range_atomic_radius": 171, "wtd_range_atomic_radius": 23.975, "mean_Density": 5737.91842857143, "wtd_mean_Density": 3592.9751875, "gmean_Density": 1656.16539581229, "entropy_Density": 1.62200433060026, "wtd_entropy_Density": 1.4368035903789, "range_Density": 11338.571, "wtd_range_Density": 1679.3748125, "wtd_std_Density": 4160.67219273548, "mean_ElectronAffinity": 61.7857142857143, "wtd_mean_ElectronAffinity": 96.272, "gmean_ElectronAffinity": 33.207929590615, "wtd_gmean_ElectronAffinity": 57.6142219278543, "entropy_ElectronAffinity": 1.55270406699558, "wtd_entropy_ElectronAffinity": 0.990909344699183, "range_ElectronAffinity": 138.63, "wtd_range_ElectronAffinity": 61.95675, "wtd_std_ElectronAffinity": 56.0648414204482, "mean_FusionHeat": 7.30314285714286, "wtd_mean_FusionHeat": 5.67975, "gmean_FusionHeat": 4.78870850542218, "entropy_FusionHeat": 1.75454542166924, "wtd_entropy_FusionHeat": 1.52246346972554, "range_FusionHeat": 12.878, "wtd_range_FusionHeat": 2.359125, "wtd_std_FusionHeat": 5.22133583841338, "mean_ThermalConductivity": 101.003797142857, "wtd_mean_ThermalConductivity": 102.12412875, "gmean_ThermalConductivity": 17.9666457685611, "wtd_gmean_ThermalConductivity": 2.48441092996983, "entropy_ThermalConductivity": 1.1591294165082, "wtd_entropy_ThermalConductivity": 0.80725176832314, "range_ThermalConductivity": 399.97342, "wtd_range_ThermalConductivity": 74.98837125, "mean_Valence": 2.85714285714286, "wtd_mean_Valence": 2.3625, "range_Valence": 3, "wtd_range_Valence": 0.8, "wtd_std_Valence": 0.911643433585741}